Keyword,Type
abandoned,action
accepting,action
according,action
accounted,action
acting,action
added,action
advised,action
affaected,action
affected,action
affraid,action
afterward,action
aid,action
airlifted,action
alerted,action
alfred,action
alive,action
amputated,action
announce,action
answering,action
anticipating,action
appear,action
appreciate,action
appreciated,action
approaching,action
arrange,action
arrive,action
arrived,action
arriving,action
ask,action
asking,action
assist,action
associated,action
assumed,action
attempting,action
attending,action
auctioning,action
avenue,action
basing,action
become,action
bed,action
began,action
begging,action
begin,action
beginning,action
begun,action
believe,action
believed,action
betwenn,action
bezwen,action
bleach,action
bleeding,action
blocked,action
blocking,action
blood,action
boarding,action
break,action
bring,action
bringing,action
broken,action
brought,action
buckled,action
built,action
buried,action
burn,action
burned,action
burning,action
burried,action
buying,action
call,action
called,action
calling,action
came,action
camping,action
cared,action
caring,action
carried,action
carrying,action
catch,action
caught,action
caused,action
check,action
checking,action
circulated,action
clean,action
cleaning,action
clear,action
cleared,action
click,action
climbed,action
clogging,action
closed,action
colapsed,action
collaped,action
collapse,action
collapsed,action
collected,action
coming,action
comite,action
completed,action
compromised,action
concentrated,action
concern,action
concernant,action
concerned,action
conduct,action
confirm,action
confirmed,action
confirming,action
conflicting,action
congested,action
congregated,action
congregating,action
contact,action
contacted,action
containerized,action
contextualize,action
continue,action
controlled,action
cooking,action
coordinate,action
coordinating,action
counting,action
covered,action
cracked,action
created,action
crowded,action
crumbled,action
crushed,action
crushing,action
crying,action
cut,action
cutting,action
damaged,action
dead,action
dealing,action
decaputated,action
decomposing,action
deliver,action
delivering,action
demolished,action
departing,action
departure,action
deployed,action
deploying,action
designated,action
desperate,action
destined,action
destroyed,action
detailed,action
devastated,action
developed,action
die,action
died,action
differed,action
difficult,action
dig,action
digging,action
directed,action
disappeared,action
disciplined,action
disembark,action
disinfectant,action
disoriented,action
displaced,action
dispose,action
distribruting,action
distribute,action
distributed,action
distributing,action
distroy,action
dominated,action
donate,action
drained,action
dressing,action
dried,action
drilled,action
drink,action
drinking,action
drive,action
dying,action
eat,action
eating,action
effected,action
encouraged,action
engaged,action
entered,action
entre,action
equipped,action
escaped,action
established,action
establishing,action
estimated,action
evacuate,action
evacuated,action
evacuating,action
evaluated,action
exhausted,action
exist,action
expect,action
expected,action
expertise,action
exploding,action
exposed,action
extended,action
facilitate,action
facilitating,action
fall,action
fallen,action
falling,action
faulting,action
fear,action
feared,action
feed,action
feeling,action
fell,action
felt,action
ferry,action
field,action
fighting,action
figure,action
filled,action
filling,action
find,action
finding,action
finished,action
fixing,action
floating,action
flying,action
following,action
force,action
forced,action
forcing,action
forgotten,action
forward,action
found,action
fractured,action
frustrated,action
functioning,action
funding,action
gated,action
gather,action
gathered,action
gave,action
getting,action
give,action
given,action
giving,action
going,action
gone,action
gotten,action
grew,action
growing,action
habite,action
handed,action
handle,action
handled,action
happen,action
happened,action
harmed,action
havent,action
heading,action
hear,action
heard,action
hearing,action
held,action
help,action
helping,action
herold,action
hiring,action
hit,action
hitting,action
holding,action
host,action
housed,action
housing,action
humanitarien,action
hurt,action
identified,action
identifying,action
imagine,action
implemented,action
improve,action
improved,action
improving,action
improvised,action
include,action
including,action
incoming,action
incorporated,action
increased,action
indicate,action
indicating,action
injured,action
inserted,action
inside,action
inspecting,action
intact,action
inundated,action
invaded,action
involved,action
issued,action
joindre,action
joining,action
jostling,action
keep,action
keeping,action
kept,action
kick,action
killed,action
killing,action
knocking,action
know,action
known,action
konen,action
konnen,action
labeled,action
lack,action
land,action
landed,action
landing,action
lawn,action
leading,action
learned,action
leave,action
leaving,action
left,action
lept,action
lift,action
lifted,action
limited,action
lined,action
list,action
listed,action
listening,action
live,action
lived,action
living,action
loaded,action
loading,action
locate,action
located,action
look,action
looked,action
looking,action
loooking,action
looted,action
looting,action
losing,action
lost,action
love,action
loved,action
loving,action
lubin,action
made,action
maintain,action
making,action
mapping,action
masked,action
measuring,action
meet,action
mere,action
metel,action
meyan,action
milling,action
missed,action
missing,action
mobilize,action
mobilized,action
mobilizing,action
monitoring,action
move,action
moved,action
moving,action
multiple,action
name,action
named,action
need,action
needed,action
needing,action
neighboring,action
note,action
noted,action
nothing,action
noticed,action
nursing,action
occupied,action
occured,action
occurred,action
offer,action
offered,action
offering,action
ongoing,action
open,action
opened,action
operate,action
operated,action
operating,action
orchid,action
organised,action
outdated,action
outside,action
overpacked,action
overwhelmed,action
owned,action
panicked,action
parking,action
partitioned,action
passed,action
perform,action
permit,action
picked,action
placed,action
planning,action
pleaded,action
populated,action
post,action
posted,action
posting,action
pour,action
pouring,action
powdered,action
pray,action
precede,action
prefer,action
prepare,action
prepared,action
preparing,action
principled,action
produce,action
produced,action
programmed,action
progressing,action
prolonged,action
promised,action
protect,action
provide,action
provided,action
providing,action
proving,action
pull,action
pulled,action
push,action
putting,action
quick,action
reach,action
reached,action
reaching,action
readying,action
receive,action
received,action
receiving,action
recherche,action
recommended,action
recorded,action
redeploying,action
referred,action
regarding,action
register,action
registered,action
reinforced,action
relayed,action
released,action
releasing,action
relieve,action
relocated,action
remove,action
rend,action
renmen,action
reopen,action
repaired,action
repellent,action
replenished,action
report,action
reported,action
reporting,action
repost,action
requesting,action
required,action
rerouted,action
rescue,action
rescued,action
rescuing,action
resevwa,action
reside,action
residing,action
resolved,action
respond,action
restock,action
resulting,action
rete,action
retreated,action
retrieved,action
return,action
returned,action
roamed,action
robbed,action
run,action
running,action
said,action
salvaged,action
save,action
saved,action
saw,action
say,action
saying,action
scheduled,action
scrambled,action
screaming,action
searched,action
searching,action
secured,action
seeing,action
seek,action
seeking,action
seemed,action
seen,action
selling,action
send,action
sending,action
sent,action
separating,action
serve,action
served,action
serving,action
set,action
setting,action
shaken,action
shaking,action
sharing,action
shifted,action
shipped,action
shipping,action
shoot,action
shooting,action
show,action
sing,action
sitting,action
situated,action
skinned,action
sleep,action
sleeping,action
slid,action
speak,action
specify,action
speculated,action
spent,action
split,action
spoke,action
spoken,action
spread,action
staffed,action
stand,action
standing,action
start,action
started,action
starting,action
starving,action
stating,action
statying,action
stay,action
staying,action
stop,action
store,action
stream,action
streamed,action
stress,action
stuck,action
suffered,action
suffering,action
suggest,action
supplied,action
support,action
supporting,action
supposed,action
surrounding,action
survive,action
survived,action
surviving,action
sustained,action
swollen,action
take,action
taken,action
taking,action
talking,action
tank,action
tell,action
telling,action
tended,action
tented,action
teren,action
texted,action
texting,action
thank,action
threatening,action
tirent,action
told,action
tonight,action
took,action
toppled,action
trace,action
transferred,action
transformed,action
transporting,action
trapped,action
traumatized,action
travelled,action
traverse,action
treat,action
treated,action
treating,action
triage,action
trickling,action
tried,action
truck,action
trucked,action
trying,action
turn,action
turned,action
turning,action
unaccompanied,action
unchecked,action
unconfirmed,action
undamaged,action
understand,action
unemployed,action
unloaded,action
update,action
updated,action
updating,action
urgent,action
used,action
using,action
view,action
visit,action
visited,action
visiting,action
visted,action
vitanin,action
vite,action
vizite,action
waiting,action
wake,action
walk,action
walked,action
wanting,action
ward,action
watching,action
weakening,action
wearing,action
welcome,action
went,action
wete,action
work,action
worked,action
working,action
worried,action
wounded,action
writing,action
wrong,action
wrote,action
yelling,action
abdael,entity
acajous,entity
ace,entity
acra,entity
acra family,entity
action contre faim,entity
adjs,entity
adoken,entity
adolfo,entity
adolfo prato,entity
adolpho prato,entity
aidsrelief,entity
ainyen,entity
airport road,location
ajan cadet ualry,entity
ajds,entity
al jazeera,entity
alain,entity
alain fanfan,entity
alain villard,entity
alain718,entity
albert schweitzer operational,entity
alcin,entity
alcohol,entity
alcohol swabs,entity
alegria,entity
alert,entity
alerte,entity
alerte rue monseigneur guilloux,entity
alexandra,entity
alexandre,entity
alexis,entity
alfred vieux,entity
alguna de,entity
alguna info,entity
ali,entity
aliette,entity
alix douzable,entity
alix roi,entity
allee,entity
alo ma,entity
alo radio,entity
altagrace pierre,entity
amalia,entity
american,entity
american citizen,entity
american golf club,entity
ampicillin,entity
amplwaye,entity
amulca,entity
anderson cooper,entity
andre vertus,entity
andrea,entity
anesthetic,entity
angeline augustin,entity
angeline augustine,entity
angelo,entity
angelo augustin,entity
angelo augustine,entity
angle,entity
angle rue lamarre,entity
anhy,entity
anna,entity
anna schaff,entity
anna sidney,entity
anne marie,entity
annecesse,entity
antigua,entity
antoine,entity
antoinette,entity
ap,entity
ap tu,entity
appelez,entity
ariette lamarre,entity
aristide foundation,entity
aritus,entity
arnie,entity
arnoux,entity
aroda,entity
aspazie,entity
assessment coordination team,entity
auberge,entity
aunt moumoun,entity
auntie robin,entity
aurora aguinaldo,entity
avenue albert jode,location
avenue lamartiniere,location
avenue magloire ambroise,location
avenue martin luther king,location
avenue mavramboise,location
avenue pourpelard,location
avgvst,entity
avis,entity
babiole,entity
baby,entity
banque,entity
barbara,entity
barbara rhine,entity
barickad,entity
bartholy,entity
baudin,entity
bbc,entity
becky,entity
belgian,entity
belhachimi boucif,entity
belleville,entity
bellevue,entity
belvil yo,entity
ben dobson,entity
benadryl,entity
benicia haitus,entity
benjamin sunja,entity
bergeson,entity
besoin,entity
betadine,entity
beyaya,entity
bichet,entity
bill clinton,entity
bitton,entity
bizonton,entity
bizotton,entity
blain,entity
blanchard,entity
blonde desarmes,entity
boite,entity
bon repos route,location
bonnie joy kaslan,entity
borchette carefour,entity
borders,entity
boucif belhachemi,entity
boujou,entity
bouques,entity
bouquet,entity
boutiliers,entity
bowie md,entity
bradley,entity
brandy pierre,entity
bresma,entity
bresma ii,entity
bresma iii,entity
brian lehrer,entity
bridge,entity
bridges,entity
brother,entity
brothers name,entity
bti,entity
buckets,entity
budry,entity
cadet family,entity
caire,entity
camelle,entity
camille,entity
canadeau,entity
canape,entity
canned,entity
cantave bayard,entity
cap haitian,location
cape haitien,location
caphaitien,entity
capois,entity
car,entity
caraibean university,location
carfou,entity
cargo,entity
caribbean,entity
caribbean market,location
caribbean supermarket,location
caribe,entity
caricia louiville,entity
carimi,entity
carlie vatelia,entity
carlo,entity
carlo lochard,entity
carly baja,entity
carmel,location
carmelle,entity
carol,entity
carol fipp,entity
carrefour feulle,entity
carrefour haiti,location
carrefour mahotiere,entity
carrel delpe,entity
carrfour vecent,entity
casneve oupette,entity
cassandre felix,entity
cat_laine,entity
catholic church,entity
catholic relief services,entity
cayemite pestel,entity
cayes,entity
cdti,entity
ceftriaxone vial,entity
cell,entity
central bank,entity
centre alcibiade pommayrac,entity
centre dadadou,entity
cessna caravan,entity
champsmar,entity
chantal landrin,entity
charity compound,entity
charles,entity
charles darvey,entity
charltotin damastor,entity
chatelain tours,entity
chef,entity
cherche,entity
cherchez,entity
cherident,entity
chest,entity
children,entity
children orphanage,entity
chlorexidine,entity
chlorine,entity
chlorox,entity
choscal,entity
choulot cheri,entity
christelle,entity
christian,entity
christian center,entity
christine,entity
christine evans,entity
christine legagneur,entity
christophe,entity
christopher dieu,entity
christopher frecynet,entity
church st louis roi de france,location
cicr,entity
cite,entity
citibank,entity
citibank building,entity
citigroup,entity
citizen,entity
citoyne,entity
city,entity
city bank,entity
civil,entity
clercine19,entity
clerveau,entity
cliff,entity
clinic,entity
clive,entity
clothes,entity
cnn,entity
cnn international,entity
cnn radio,entity
coast guard,entity
coeur,entity
colbert,entity
colby,entity
colege,entity
college,entity
college antillais,entity
college mixte bayard guerson,entity
colombian,entity
columbier,entity
comissariat,entity
communaute haitienne,entity
consul,entity
consulate,entity
container,entity
conus,entity
cote,entity
cote plage,entity
cotton,entity
country representative,entity
cousin,entity
creche jacquet,location
creche nid,entity
creole,entity
cricieuse tombeau,entity
crisis response international,entity
croix bossale,entity
croix de bouquet,entity
croix deprez,entity
crs,entity
crs haiti,entity
cruz,entity
currently,entity
dahaitsu,entity
dal,entity
daniel st lot,entity
daniel varese,entity
danielle,entity
daoud,entity
daphne durame,entity
daphnee sylvestre,entity
darguin,entity
darline bazile,entity
darline gaston,entity
darvey,entity
david gazashvili,entity
david lindwall,entity
david nesbitt,entity
david ziemke,entity
de la paz hospital,entity
dean,entity
deborah innocent,entity
degaje,entity
deita erasme,entity
delege,entity
delma,entity
delma a1,entity
delmas a1,location
delmas95 rte,location
democracy,entity
denise pierre louis,entity
desk officer,entity
deuxieme,entity
devant,entity
dewine school,entity
dexon,entity
dfid usar,entity
dgi,entity
diazepam,entity
diclofenac,entity
diegue,entity
diesel,entity
dieula mc nally,entity
dieux,entity
digicel,entity
diphenhydramine,entity
diquini,entity
direct relief,entity
disponibl,entity
distrist,entity
djemson,entity
djenane,entity
djenane durosier,entity
djenanedurosier,entity
dob,entity
doc zamar,entity
doctor wawel jean pierre,entity
dominican red cross,entity
dominique,entity
dopamine,entity
dorce family,entity
douyon,entity
drouillard,entity
drove,entity
dubrouarant and family,entity
dunelle,entity
dye,entity
earthquake,entity
ecoute,entity
eddy frantz normil,entity
eddy franz,entity
edeline,entity
edith salomon,entity
edley thomas,entity
edley92,entity
edmond mulet,entity
edward,entity
eglise de,entity
eglise evangelical baptiste bethesda,entity
eglise st,entity
elastic,entity
elirose,entity
ella,entity
elle,entity
email,entity
emanithe renaudin,entity
embassy,entity
emergency,entity
emile samedy,entity
emiliene,entity
emily,entity
emmanuel thelemaque,entity
emmanuella dasque,entity
enock similca,entity
envoyez,entity
epgfz,entity
ephedrine,entity
eric gilot,entity
erik,entity
eske,entity
espelitane,entity
espiegle,entity
estaba,entity
estama,entity
estevenson,entity
esther,entity
esther celestin,entity
esther garbath,entity
esther loresca,entity
etiene adolple,entity
etienne sauveur,entity
etienne tieno sylvestre,entity
ettienne sauveur,entity
eugenie doucicauld,entity
eugenie sinal,entity
eunide douzable,entity
eustache li,entity
eveillard family,entity
evelyn bourdeau,entity
eximene st val,entity
faa,entity
fabienne fanfan,entity
fabiola,entity
facebook,entity
facile,entity
falaise street,entity
famille fanfan,entity
family,entity
fanfan,entity
fanmi ki,entity
fanmi lochard,entity
father,entity
father jean,entity
father michael,entity
fb id jo jenny,entity
fbi,entity
feler,entity
fermathe,location
feuille,entity
field hospital,entity
filles,entity
finance,entity
fire,entity
fito,entity
flo,entity
floreal,entity
floret,entity
florette fiak,entity
foley,entity
fondation,entity
fonds verrettes,entity
fonkoze,entity
font des,entity
fontamura,entity
food,entity
food water,entity
foodmax,entity
foodmax supermarket,location
fort,entity
foundation,entity
foyer,entity
francais,entity
franck jean,entity
francois,entity
francouer joseph,entity
frantz cadet,entity
frantz charlot,entity
frantz francois,entity
frantzy,entity
freezer,entity
frenaud,entity
french,entity
french hospital,location
freres et,entity
fritz,entity
fritz lucien,entity
fritz vixamar,entity
fritznel,entity
front,entity
fsil nursing,entity
fsil school,entity
fuel,entity
furosemide,entity
gabriel family,entity
galerie monnin,entity
garage,entity
garden,entity
garnel,entity
gaston,entity
gate,entity
gauze,entity
gbs,entity
gedeon,entity
geffard road,entity
geffrard,entity
gelofusine,entity
general assembly church,entity
gentamycin,entity
genyen,entity
george sada,entity
georges,entity
georges job schneider,entity
georgy,entity
gerald,entity
gerald bataeil impasse,entity
gerald chery,entity
gerard,entity
gerard technical school,entity
germain,entity
gerold,entity
gertrude,entity
gesnel simon,entity
gessica832002,entity
ghislaine,entity
gianni,entity
gilbert viala,entity
gilbert viala we,entity
gina,entity
ginette beavzais,entity
ginette gaston,entity
giscard lefevra,entity
givland,entity
gladys bellevue,entity
gladys durmerlin,entity
glafira,entity
glamanine,entity
global health,entity
globalmedic,entity
goc university,entity
god,entity
gonaives,location
gonayiv,entity
gonzague,entity
google earth,entity
google earth map,entity
gracias,entity
graham,entity
grand goave children,entity
grand kolin,entity
grande,entity
greggo33,entity
gregory,entity
gregory chery,entity
gressie haiti,location
gros morne parish,location
group,entity
guerda synal,entity
guerline douzable,entity
guerra,entity
guesno mardy,entity
gueson,entity
gustave,entity
guy,entity
gwenn mangine,entity
gwoup,entity
h2o2,entity
habitant,entity
haiti block,entity
haiti flight operations coordination center,entity
haiti operations coordination centre,location
haiti two south kitsap,entity
haitian,entity
haitian adventist hospital,entity
haitian ministry,entity
haitian outreach,entity
haitian red cross,entity
haitigoodnews bianca gabriel,entity
haitin,entity
haitiquake,entity
halothane,entity
harry,entity
heartline ministries,entity
heloise boyer,entity
henry fanfan,entity
hermine,entity
hermithe bernard,entity
hernst marcelin,entity
highpertension,entity
hilda alcindor,entity
hispaniola,entity
hiton,entity
hiv,entity
hjean,entity
honorat,entity
hope clinic,entity
hopital adventiste,entity
hopital espoir,entity
hopital sacre coeur,entity
hosp,entity
hosp sacrecoeur,entity
hospital baptist haiti mission,entity
hospital justina,location
hospital justinien,location
hotel carribe,location
hotel christopher,location
hotel cyvadier,location
hotel karibe,location
hotel oloffson,location
hotel villa,location
hotel villa creole,location
hotel villa therese,location
house,entity
hubert sidney,entity
hugson,entity
humanitarian affairs,entity
humanitarian affairs officer,entity
hyppolite craan,entity
ibuprofen,entity
icao,entity
icc hospital,entity
icrc,entity
iderle fenestor,entity
idf,entity
idf medical,entity
iii,entity
impass,entity
impasse,entity
impasse alouette,location
impasse brochette lumiere,location
impasse chretien,location
impasse inginac,location
impasse legros,location
impasse marcel augustin,location
impasse mousseau,location
impasse namphy,location
impasse roussan prolonge,location
information confirmee,entity
institut francais,entity
international action,entity
international airport,entity
international committee,entity
international federation,entity
international guest house,entity
international rescue team,entity
irin,entity
irma gilot,entity
irmina33,entity
isarya,entity
isofurane,entity
israel defense forces,entity
jackson joanis,entity
jacmal,entity
jacqueline barthelemy,entity
jacques,entity
jacquet,location
jails,entity
james,entity
james rhoads,entity
japanese,entity
jasmine yacinthe,entity
jean,entity
jean baptist paul,entity
jean baptiste fritz,entity
jean claude,entity
jean jacques dessalines,entity
jean kesnel,entity
jean marianie,entity
jean pierra,entity
jean pierre,entity
jean robert,entity
jeanite,entity
jeanne,entity
jeff,entity
jennifer johnson,entity
jephte,entity
jera krist,entity
jerry,entity
jessica charlot,entity
jessica joseph,entity
jessica leriche,entity
jgordon11203,entity
jimani city hospital free,entity
jimmy,entity
jmlucien,entity
joacquin tena,entity
joane and,entity
jocelyne,entity
joel lochard,entity
joelle benoit,entity
johnny joseph,entity
johns hopkins,entity
johny gaston,entity
jones ave,entity
jorge garcia castillo,entity
jose,entity
joseph,entity
joseph gabriel,entity
joseph jacson,entity
joseph zicot,entity
josette benoit,entity
jude nicolas guillaume,entity
judith,entity
juh,entity
jumbala,entity
junior,entity
justinian hospital,entity
juvenat,entity
jwawel10,entity
kappma,entity
kareem,entity
karel zelenka,entity
karibe,location
kathleen belot,entity
katia,entity
kay,entity
kayoute,entity
keda innocent,entity
kelly,entity
kelly baptiste,entity
kenia,entity
kethi sanon,entity
kethie,entity
kethie sanon,entity
ketlie camille,entity
ketlie laurole,entity
kettel badio,entity
kettly pamphile,entity
keziah furth,entity
kids,entity
kiki,entity
kimberly michelle jean,entity
kisa,entity
kiskeya,entity
koman,entity
komis legerme jean gracia,entity
komite,entity
konbit sante,entity
koray,entity
koridor,entity
kuttab,entity
kwa bossal,entity
la boule,entity
la pleine,entityy
labeler,entity
laboule,entity
ladydior47,entity
laguelle,entity
lamarre,entity
lambert,entity
lambifund,entity
lanlord name,entity
lapleine,entity
latimesphotos,entity
laura flynn,entity
laurencine bijoux,entity
le nouvelliste,entity
legerme jean gracia,entity
leglise,entity
legliz perp,entity
lemoine,entity
leoagane,location
leogane plane,entity
leonard street,location
leone oriol,entity
les salines,entity
lesely,entity
letendre family,entity
leur,entity
levine,entity
leya,entity
leya shemaly,entity
liaison,entity
lidocaine,entity
lilavois,entity
lima,entity
linsey sirah,entity
lionel st,location
littlest angels,entity
liviy laurole,entity
llegu,entity
lochard,entity
lochard etienne,entity
logistic,entity
loomt,entity
lorante,entity
lortab,entity
louis,entity
louis diaquoi,entity
louverture,entity
louverture street,entity
lovinski,entity
lubricant,entity
lucienne pierre,entity
luco,entity
lui,entity
luismthen,entity
lumiere,entity
lycee francaise,entity
lydc29,entity
lynn,entity
mabouya,entity
machan desalin,entity
mackenson,entity
mackenzi tertulien,entity
macorel lisius,entity
madam,entity
madame eman,entity
madame saurel lisius,entity
magalie delpe,entity
magalie jaccy,entity
magaline,entity
magloire oriol,entity
maison,entity
maison des anges,entity
malherbe colas,entity
man mal,entity
mangues,entity
manifest,entity
map,entity
marcaine,entity
marceline espiegle,entity
marchand desalin,entity
mardy,entity
margaret,entity
margareth degand,entity
margareth degand hospital,entity
marguerite,entity
marguerite vixamar,entity
marguerites,entity
mari,entity
maria,entity
maria antonieta castillo santa maria,entity
mariane,entity
mariane charle,entity
marie,entity
marie chantal borno,entity
marie desir,entity
marie edmonde deville,entity
marie fabre,entity
marie josee rebecca,entity
marie lourde lavilus,entity
marie lourdes,entity
marie metellus,entity
marie therese,location
marie yolene gilles,entity
marilou roy,entity
marilourde lav,entity
marilourde lavilous,entity
marilu_acosta,entity
mario,entity
mario joseph,entity
mario vixamar,entity
marismide,entity
marjorie joseph,entity
marleine comprere,entity
mars,entity
marseille,entity
marsha valentina,entity
marthe,entity
martin,entity
martine pierre,entity
mary,entity
maryline daoud shemaly,entity
matthew gilot,entity
mauricette,entity
max paul,entity
mcalpin,entity
mcarthur leger,entity
mcfdf,entity
mclean,entity
mecnoir66,entity
medecins se,entity
medical center,entity
medical school,entity
medical university,entity
medications,entity
melissa,entity
melissa elliott,entity
mennaj,entity
merantier,entity
merc,entity
merisier prolonge,entity
merline,entity
mervil,entity
message,entity
metellus,entity
mexican,entity
meyer,entity
mezanmi,entity
mgr guilloux,entity
micaelle marcellus,entity
micalelle marcellus,entity
michael joseph,entity
michael metellus,entity
michael ritter,entity
michaelle,entity
michel,entity
michel baptiste,entity
michel henri robert,entity
michel matera,entity
michel presil,entity
micheline derose,entity
micheline germain,entity
micheline lisius,entity
michelor lisius,entity
michigan department,entity
mideline,entity
midwife,entity
mikaille,entity
mike nesbitt,entity
militaire,entity
milot payen,entity
miltipliye ak,entity
milton,entity
mina,entity
mind hotel,entity
ministry,entity
minouche,entity
minustah,entity
mirlande jean maison,entity
mirlande lisus,entity
mirlene lisius bayard,entity
mirmonde casimir,entity
mirna nazaire,entity
missdinnyc,entity
missing persons,entity
mission evangelique chretienne,entity
missionary house,entity
mitchel and,entity
mitchelle,entity
mlamisere,entity
mm98273,entity
mobile,entity
modeline jules,entity
modernes,entity
mom daphney sylvestre,entity
mom sw,entity
mon repos,entity
mona delpe jean,entity
mona pierre,entity
monbin lataille,entity
money,entity
monique turtulien,entity
monnin,entity
monroe,entity
monroe post,entity
montagne noir,entity
morgue,entity
mother,entity
moussignac,entity
mr. annabi,entity
mr. patrice milfort,entity
msf,entity
mta,entity
mtpp,entity
multipharma drugstore,entity
municipal nursing home,entity
musso,entity
my brother,entity
mycology,entity
myrtho douzable,entity
myrtil gesner,entity
n_proteau,entity
naciones unidas,entity
nadcc,entity
nadege,entity
nadia cadet,entity
nadine philips,entity
naguad0,entity
naika,entity
nalexia,entity
nalise polyete,entity
nan bino la pointe,entity
nan se,entity
nancie,entity
nancy,entity
naphta,entity
napley,entity
napley inn hotel,entity
narcisse,entity
nashua,entity
nbc,entity
necesito,entity
nenpop,entity
nenpot,entity
nerette,entity
new hope ministries,entity
new hospital,entity
new mission,entity
new missions,entity
new satellite,entity
nfi,entity
ngo,entity
ngos,entity
nh usa,entity
nicholson,entity
nickerson,entity
nicole adolple,entity
nicole labonte,entity
nifedipine sublingual,entity
nisan patrol,entity
noah,entity
noailles,entity
normil,entity
north america,entity
north american,entity
nou grangou,entity
nou nan la,entity
nou nan la ri,entity
nouvel,entity
nph,entity
nurse,entity
nursery nid,entity
nursing student,entity
nutritional,entity
obtener,entity
ocha,entity
octavius delfils,entity
odette bazile,entity
odile antoine,entity
officer fanol,entity
onrepo,entity
onu,entity
orange county,entity
organization,entity
orick,entity
orlean,entity
orphanage brebis,entity
orphanage bresmas,entity
orphange la maison des anges,entity
osocc,entity
our relative,entity
oxfam,entity
oxfam hq,entity
p_o_p,location
paco lazon,entity
palace,entity
paloma,entity
pam,entity
pamela jonassaint,entity
panama,entity
paola iten,entity
pap morgue,location
pap municipal nursing home,entity
pap university,location
park gerard christophe,location
park saint therese,location
parliament,entity
pascal frank,entity
pastor,entity
pastor rene dorilien,entity
pastor salnave,entity
patients to us,entity
patrice talleyrand phone,entity
patricia,entity
patrick charles,entity
patrick jean,entity
patrick laguerre,entity
patrick mouscardy looking,entity
patrick nirtilus,entity
patrick witty,entity
paule cameau,entity
paup,location
pdf,entity
pelerin,entity
pepperfire rt,entity
percocet,entity
permanganate,entity
perpetuel secours church,entity
person,entity
persons news,entity
petiion ville,location
pharmacy,entity
phone,entity
photo,entity
pierre louis,entity
pierre paul,entity
pierre richard eustache,entity
pih,entity
piwo,entity
pizza varden,entity
place,entity
place boyer,location
place dessaline,location
plan,entity
planes,entity
pnh,entity
policier,entity
pont morin teleco,entity
port captain,location
portail leogane,entity
portauprince,entity
portuguese,entity
post commander,entity
pou,entity
poupette lisius,entity
pp,entity
presbyterian church,entity
professeur,entity
prolonge jean phillip,entity
promess,entity
public information,entity
puit blain,entity
puits blain,entity
quake,entity
quan,entity
quiero,entity
rachel dandache,entity
rachelle loresca,entity
rachellesanon,entity
rachoul_27,entity
radio,entity
radio dabon,entity
radio grand goave,entity
radio tele ginen,entity
ranboto,entity
randy,entity
rasta_cook,entity
raymonde leonard,entity
rdi,entity
red crescent society,entity
red cross,entity
reformed presbyterian church,entity
regine,entity
regine jonassaint,entity
relativesinhaiti oreste germain,entity
relief,entity
rene preval,entity
renise,entity
rescue team,entity
response division,entity
richard,entity
richard perot,entity
richard proteau,entity
richard sajous,entity
riche jean jerry frantz,entity
richter scale,entity
rielle savanne bond,entity
riky serge,entity
rita aristide,entity
riviere froide,entity
road,entity
robenson sam,entity
robert guitry gilot,entity
robert penette,entity
robin vois verna,entity
rochelle metellus,entity
roland,entity
ronia lisius,entity
rony camille,entity
ronycamille ariel germain,entity
roodlyne normil,entity
roro,entity
rosa crespo,entity
rose,entity
rose kerline,entity
roselle angrand,entity
roumaline,entity
roumaline shemaly,entity
route,entity
route delmas,location
route frere,location
route nationale,location
routes freres,location
royal caribbean,entity
rt evelyn bourdeau,location
rte,entity
rte de jacquet,location
rtestetherese,entity
rudolph,entity
rue,entity
rue amiral,location
rue capois,location
rue cassagnol,location
rue champ,location
rue chareron ecole nationale,location
rue darguin,location
rue de la,location
rue faubert no,location
rue franck cardozo,location
rue gregoire,location
rue hyppolite,location
rue jose mart,location
rue mackendal,location
rue monseigneur guilloux,location
rue pomeyrac,location
rue saint honore,location
ruelle,location
ruelle chretien,location
ruelle guerrier,location
ruelle jeudy,location
ruelle laguerre,location
ruelle morency,location
ruelle savanne bond,location
ruelle toussaint,location
ruth etienne,entity
saben de,entity
sabine,entity
sabine polinice,entity
sacre coeur,entity
sacre coeur hospital,location
sacred heart,entity
sadrac,entity
sagaille,entity
saint bernadette,entity
saint francois,entity
saint louis,entity
saint michel,entity
sainte bernadette,location
saks,entity
sam,entity
samerole,entity
sammy ray dobson,entity
samuel,entity
samuel attis,entity
sanon,entity
sapotille,entity
sarah lauture,entity
sarah room,entity
satellite,entity
saurel lisius,entity
scale,entity
schedule,entity
scheffer gilot,entity
scheunan laguerre,entity
schneider charlot,entity
se2,entity
sebastian delpe,entity
selena rhine,entity
sender,entity
senfle,entity
senfle yoldine,entity
shantale chery,entity
shantale00,entity
shantiiladiosa,entity
shedelyne,entity
shedelyne toussaint,entity
sherley,entity
sherley mounely william,entity
sherline birotte,entity
sherrie fausey,entity
shiler dorsainvil,entity
shirley,entity
shortage,entity
signal,entity
signal fm,entity
sil,entity
silo,entity
siloye,entity
simon,entity
simon st fort,entity
simone poule,entity
sion orphanage,entity
sister,entity
situation,entity
situation overview,entity
skype,entity
smathieu203,entity
sobnert beauvais,entity
sodium,entity
soeur etienne,entity
soeurs,entity
soeurs de,entity
sogebank,location
solution,entity
son,entity
sonadim building angle blvd,entity
sony,entity
sony esteus,entity
sonya gilot,entity
sophia biamby,entity
souheil hage,entity
source,entity
south,entity
southern command,entity
spain,entity
specialty clinic,entity
spokesperson,entity
spydrmedia medical supplies,entity
st gerard technical school,entity
st. catherine,entity
st. damien,entity
st. damien children,entity
st. francois,entity
st. gerard,entity
st. gerard church,location
st. joseph home for boys,location
st. louis,entity
st. maarten,entity
st. marc,entity
st. marchand,entity
st. pierre,entity
staff,entity
stanford school,entity
stanley,entity
stanley clermont,entity
stanley fabre,entity
stephanie,entity
stephanie gille,entity
stephanie gilles,entity
sterline,entity
sterlyn leonard,entity
steve kastenbaum,entity
stewart gaston,entity
street,entity
structure,entity
svp,entity
sylvie mathieu,entity
tabare,entity
take delmas,entity
tamara,entity
tandan yo,entity
tania normil,entity
tbaptiste,entity
tea light,entity
team,entity
tecsult,entity
teleco,entity
teleco area,entity
telegram,entity
telephonne,entity
telex,entity
temporary field hospital,entity
temporary hospital,entity
tents,entity
tequila minsky,entity
terese,entity
tersciane,entity
tetchena bellanges,entity
texaco station,location
text message,entity
thomassin,entity
thony bellevue,entity
thor,entity
tifane,entity
tim traynor,entity
tipapi,entity
tise,entity
tisoeur,entity
toce plague,entity
toni,entity
toothpaste,entity
toto,entity
toussaint,entity
toussaint hilaire,entity
town,entity
tradewind aviation,entity
tramadol,entity
translation,entity
trauma unit,entity
trevil,entity
trevor baptiste,entity
trinidadian,entity
trinite,entity
tsunami,entity
ttraynor1948,entity
turgeau rue armand,entity
tylenol,entity
tyson,entity
u.n.,entity
u.s. citizen,entity
uhj,entity
ulcc,entity
un assistant,entity
unasmoh,entity
undac,entity
undp,entity
undp office,entity
unhas,entity
unhas cessna caravan,entity
unibank,entity
unibank site,location
unibanque,entity
united nations,entity
united nations office,entity
united nations representatitve,entity
united nations stabilization mission,entity
universal motors,entity
universite,entity
university hospital justinian,entity
urban search,entity
urvica normil,entity
us embassy,location
us resident,entity
usaid,entity
usaid status,entity
usar,entity
usgs,entity
usns big horn,entity
usns grasp,entity
usns henson,entity
uss bunker hill,entity
uss carl vinson arrives,entity
valerie gilot,entity
valou gehy faites,entity
veda lochare,entity
venette,entity
veronica,entity
vert,entity
vicryl,entity
victoria,entity
video,entity
villa,entity
village theodate,entity
village uldeca,entity
ville,entity
violene gabriel,entity
virginia,entity
vital lines,entity
voye,entity
walt ratterman,entity
walter riley,entity
warehouse,entity
watapana,entity
water,entity
weedner normeus,entity
wenski,entity
wfp,entity
wfplogistics,entity
wife,entity
wiir4dog,entity
wilben,entity
wilfred,entity
wilfride saint louis,entity
wilnor alexis,entity
wilsciane,entity
wilson,entity
wilson belliot jaquet,entity
winson joseph,entity
wislie jacinthe,entity
wisminkid,entity
woody shemaly,entity
wync,entity
yamiley jean louis,entity
yevette alliance,entity
yoldine,entity
yolene bijoux,entity
youtube,entity
yuruinspires,entity
yvonne kermizan,entity
yvonne sa ntil grandparents,entity
yvos,entity
zanmi lasante,entity
zanmi lasante sociomedical complex,entity
zouzoun,entity
# 3 impasse brisson,location
#14 rue salomon,location
#40 rue o,location
#43 ruelle sylvia avenue pouplard,location
#5 delmas 29,location
#6 rue a. martial,location
#8 rue merisier prolonge,location
1 ave. martin luther king,location
1 km from the airport,location
105 delmas,location
113 route des dalles,location
12 duval 30    croix des bouquets,location
122-178 rue macajoux in belair,location
14 delmas,location
154 avenue martin luther king,location
154 rue martin luther,location
154 rue martin luther king,location
17 delmas 36,location
17 rue lafleur duchene,location
19 avenue charles sumner - port-au-prince,location
19 rue clercine,location
20 rue 4,location
2000 tabarre,location
21 rue clercine,location
220 rte de delmas,location
23 impasse la paix number 1 port-au prince,location
230 boulangesree st kenscoff,location
233 rue macajoux,location
24 delmas 91,location
26 avenue de marguerites,location
285 av john brown,location
31 delmas,location
32 impass albin,location
32 rue beau  numero 40,location
33 delmas,location
34  rue a francois #34,location
34 avenue charles sumner,location
34 rue a francois # 34,location
35 rue lamarre petion-ville,location
425 jean jacques dessalines,location
5-7 rue sentann,location
53 bizoton,location
58 rue darguin,location
64 rue nord,location
66 rue st girard,location
66 rue st. girard,location
67 thor ave,location
69 stenyo,location
70 rue st. regard carrefourfeuille-centre technique de st gerar,location
72 delmas,location
75 delmas,location
75 rue lambert,location
76 rue geffrard - port-au-prince,location
777 route de meyer,location
8 rue mont-joli turgeau,location
885 bis,location
94 avenue lamartiniere,location
a warehouse,location
acierie haiti,location
acra delmas 32,location
across the institut francais,location
airport,location
airport port au prince,location
airport port-au-prince,location
ane-a-pitre,location
angle rue lamarre and darguin,location
angle rues pavee et du quai,location
anto der abres st.,location
antoine izmery,location
antoine izmery soccer field,location
arcachaie,location
arcahaie,location
archaie,location
area of moya by the comissariat station,location
around cite soliel prison,location
artist choulot cheri,location
at 12 rue pincom,location
augsta trevil,location
av. christophe rue 4 #16,location
ave christophe,location
ave christophe #60,location
ave. martin luther king,location
avenue ambroise,location
avenue christophe,location
avenue christophe chanel prolong # 78,location
avenue de la liberte port-au-prince,location
avenue martine luther king,location
bainet,location
balcony,location
bank,location
baptist mission haiti hospital of fermathe 62 route de kenscoff,location
barahona,location
basile,location
behind airport next to cite soleil,location
behind the us embassy rte de tabarre,location
bel air,location
bel-air,location
bel-air port-au-prince,location
belgian consulate,location
belladere,location
between delmas 75 and 71,location
between musseau and juvenat,location
bizonton 51 rue oriol dos le cardinal #20,location
bizoton,location
bois patate,location
bois verna,location
bois verna port au prince,location
boisverna,location
bombardopolis,location
bon repoos,location
bon repos,location
bon-repos,location
border,location
border crossing,location
bourdon,location
bowen field,location
brebis de saint michel de l'attalaye,location
bresma at 101 delmas,location
brochette,location
brochette carefour,location
butte boyer,location
calle juan enrique dunant no. 51,location
camps in croix deprez,location
canadian embassy,location
canape vert,location
canape-vert,location
canapevert,location
cange,location
cap haitien,location
cap haitien haiti,location
cap haitien--hospital justinien,location
cap hatien,location
cap-haitien,location
care office,location
care office petionville,location
carrefour,location
carrefour feuille,location
carrefour feuilles,location
carrefour mahotiere #28 sw,location
carrefour moussignac,location
carrefour-feuilles,location
carrefour-port-au-prince road,location
carribean supermarket,location
carribean supermarket 5,location
carribean university,location
cayes jacmel,location
cazale,location
cazeau,location
champ de marts,location
champin,location
champmars,location
champsmar park,location
chapel,location
chauflard,location
choscal hospital,location
christ roi,location
christ roi street,location
christ-roi rue mayard at the base,location
christophe ave,location
christophe avenue,location
cite soleil,location
cite soleil hospital,location
cite soleil with water,location
cite soliel,location
cite tinante,location
citibank 30 route de delmas port-au-prince,location
clercine 21,location
clinic 36# rue metellus,location
colege la trinite,location
comite miracle,location
conape vert,location
corail,location
corridor global prolongee,location
cote plage 22 #33,location
cote plage 22 #33 carrefour,location
crois-des-bouquets,location
croix des bossales,location
croix des missions,location
croix-des-bouquets,location
croix-des-bouquets and noailles,location
croiz-des-bouquets,location
dabon,location
darbonne,location
darbonne 18 488037 72 588556,location
darbonne sugar mill,location
de la paix hospital,location
delma 2,location
delma 65,location
delmar,location
delmas,location
delmas 1,location
delmas 105,location
delmas 180,location
delmas 19,location
delmas 19 angle rues jeune et calao port-au-prince,location
delmas 19 haiti la trinite hospital,location
delmas 2,location
delmas 20 rue bonnet #1 port-au-prince,location
delmas 29 #7,location
delmas 3,location
delmas 3 #29,location
delmas 31,location
delmas 31 deuxieme rue lechaud,location
delmas 31 rue marien,location
delmas 33,location
delmas 33   hotel chandelier,location
delmas 33 haiti,location
delmas 33 in silo,location
delmas 35,location
delmas 40,location
delmas 40b,location
delmas 42,location
delmas 42 at 12 rue pin,location
delmas 48,location
delmas 6,location
delmas 65,location
delmas 7 and 9,location
delmas 73,location
delmas 75,location
delmas 75 near the canadian embassy,location
delmas 91,location
delmas 95,location
delmas 95 petion ville,location
delmas port-au-prince,location
delmas route airport,location
delmas school petits poucieres,location
delmas-2 neighbourhood,location
deschapelles,location
desjardines,location
dessalines,location
dinepa office,location
diquini 63,location
diquini 63 angle rue tunnel et pompee #8,location
diquini hospital,location
down town  commercial district.,location
durand,location
ecole ananda marga,location
ens. miraflores,location
exact coords unknown,location
faustin,location
fermat 64,location
fermate,location
fermathe baptist haiti mission,location
fond vert,location
fondation le mabouya,location
fonds verettes 18 394408 71 852375,location
fontamara,location
fontamara # 43 rue anacreon haiti,location
fontamara 27,location
fontamara 43,location
fontamara 43 rue menos,location
fontamara 43 village royale #10 port au prince,location
fort mercredi,location
fort-mercredi,location
fosaj,location
foyer des filles de dieu,location
freres,location
ft. liberte,location
galet,location
galets,location
garage site 1a2.,location
general hospital,location
general police department,location
gerald bataeil impasse des mangues #27,location
goc universite,location
good samaritan school,location
grand anse,location
grand goave,location
grand goave children's home okay,location
grand tier,location
gressier,location
gressier anto,location
gressier haiti,location
gros morne,location
hairi,location
haiti,location
hinche,location
home for elderly,location
hopital,location
hopital de paix,location
hopital general,location
hospital,location
hospital du canape vert,location
hospital justinia,location
hospital justinian,location
hospital sacre coeur,location
hospital st. croix -72.559032 18.557415,location
hospital universitario de haiti,location
hotel,location
hotel caraibe,location
hotel montana,location
hotel montana haiti,location
house #14 port au prince haiti,location
house 23 or 33,location
ile-a-vache,location
imp. arnoux #14,location
impasse alcin,location
impasse chache laguerre,location
impasse charite #2,location
impasse chretien klecin 12 extended,location
impasse dumonde,location
impasse inginac #7,location
impasse laguerre,location
impasse orchidee,location
impasse pierre louis,location
in a field near airport,location
in front of haiti block airport road,location
institut franse,location
iron market,location
jacamel,location
jacmel,location
jacmel - all over city,location
jacmel - pap road,location
jacmel airport,location
jacmel haiti,location
jacmel port,location
jacmel road,location
jacmel shelters,location
jacquet imp alfred vieux,location
jamcel,location
jamcel airport haiti,location
jeremie,location
jimani,location
jimani hospital,location
jolivert,location
juh hospital,location
just up from the american embassy,location
juvenat 7 petion-ville,location
kamarad,location
karibe hotel,location
kenscoff,location
killick,location
l'opital,location
la lee rino alexi #10,location
la plaine,location
la trinite,location
labadee,location
labadee/labodi,location
lafond,location
lalue,location
landslides,location
laplaine,location
lascahobas,location
le plaza haiti,location
le pleine,location
leogane,location
leogane missing zidor,location
leogane stadium,location
les cayes,location
lilavois 33 bon repos,location
lilavois 48 50,location
lilavois 48-50,location
lillavois,location
located near place de la paix,location
located on the airport road,location
lycee anacaona,location
lycee francais,location
lycee toussain luverture,location
lycee toussaint louverture,location
maison des enfants,location
mariani,location
mariani port au prince,location
marotie're 28,location
martissant,location
martissant 19,location
martissant 23,location
martissant port-au-prince,location
martissint 19 impasse lasagesse #9,location
merger 3ieme carrefour,location
milot,location
milton area,location
minustah logistics base,location
miragoane,location
mirebalais,location
mont joli-turgeau,location
montrouis,location
morne a tuff,location
morne basile,location
moya,location
muncheez restaurant,location
musseau,location
national palace,location
national public health lab,location
national public health laboratory,location
nazon,location
nazon #27,location
near airport haiti,location
near carefou,location
near croix des bouquets,location
new missions and area schools,location
next to canadian embassy,location
opposite jimani city hospital,location
orphanage,location
oute de freres,location
p-a-p rue amiral #8 carrefour feuille,location
pacot,location
pacot 4 numero 3,location
pacot rehabilitation center,location
paloma and citoyne ave,location
pandiassou,location
pap,location
pap airport,location
pap bizoton 6 #12,location
pap hospitals,location
parque st. therese port-au-prince,location
pernier,location
pernier fatima,location
petion,location
petion ville,location
petion-ville,location
petionville,location
petionville 6110,location
petionville club,location
petioville,location
petit goave,location
petit-goave,location
pier,location
place fuel,location
place st pierre,location
place st. pierre,location
plaine,location
plaza 41,location
pont morin,location
port,location
port au prince,location
port au prince airport,location
port au prince haiti,location
port au prince main port,location
port au prince port area,location
port au-prince,location
port fuel tank farm,location
port of port au prince,location
port of port-au-prince,location
port-au prince,location
port-au-prince,location
port-au-prince  dgi building near palace,location
port-au-prince airport,location
port-au-prince harbor,location
port-au-prince municipal nursing home,location
pyron,location
quisqueya christian school,location
riviere-froide,location
road from dr,location
road from pap to jacmel,location
roads,location
route 305,location
route de kenscoff,location
route de meyer,location
route de tabarre,location
route des freres,location
route freres,location
route les cayes-port-au-prince,location
route lilavois,location
route lilavois 33,location
route national 1,location
rt 204,location
rte de freres,location
rte. de jacquet 3,location
rte. ste. terese,location
rubble,location
rue 17 q,location
rue 4 # 16,location
rue alerte by cross street rue monseigner guilloux,location
rue alexandre,location
rue armand,location
rue capois 10,location
rue cassagnol #14,location
rue celcis 12 bis,location
rue chareron ecole national,location
rue chavannes,location
rue de belvil,location
rue dr dehoux,location
rue espagnol,location
rue fort mercredi,location
rue franck cardozo - 6119,location
rue franck cardozo - 6119 port-au-prince haiti,location
rue franck cardozo pÕ©tionville,location
rue francois no 6b,location
rue garniere,location
rue geffrard,location
rue grande,location
rue lamartiniere,location
rue lambert prolonge route juvenate,location
rue lohier,location
rue mackendal #8 port-au-prince,location
rue malval,location
rue marcadieu,location
rue marcadieux,location
rue martin luther,location
rue menos,location
rue merisier,location
rue monseigneur guilloux #556,location
rue oswald durand,location
rue pavee,location
rue robin,location
rue st martin #10 bis,location
rue st-philippe,location
rue villemenay #18,location
ruelle antoine #17,location
ruelle chretien #48,location
ruelle jeudy #75,location
ruelle robin,location
ruelle sapotille carrefour,location
ruelle st pierre,location
ruelle toussaint petionville puits blain route frere,location
sacre coeur hospital in milot north haiti near cap haitian,location
sacred heart church,location
saint gerard,location
saint martin below bel air near the hotel,location
saint-antoine,location
saint-marc,location
sainte marie canape vert,location
sainte-bernadette,location
sainte-marie,location
school,location
school of trinite,location
seaport,location
site medical,location
soeurs of riviere froide,location
st bernadette,location
st francois,location
st louis,location
st louis jeanty # 11,location
st pierre sq,location
st. bernadette,location
st. gerard university,location
st. michel hospital,location
st. pierre place,location
st. pierre's square,location
station,location
street leonard,location
supermarket,location
taba,location
tabarre,location
tabarre 41,location
tabarre at rue gelin 6,location
taberre,location
taberre at rue glein #6,location
tapion,location
tarniani,location
teleco building,location
teleco in pont morin,location
tete de l'eau,location
thomassin number 32,location
tibo 19 634100 72 229517,location
titanyen,location
toce plague rue 22,location
total champin,location
toussaint louverture international airport,location
trouin,location
trutier landfill,location
turgeau,location
turjo,location
un headquarters,location
unasmoh ave christophe rue 4,location
unibank bourdon,location
univeristy of agronomy,location
universite caraibe,location
university,location
university st gerard,location
varreux,location
villa creole,location
village dantes,location
vivi mitchell,location
vivy mitchell,location
waney,location
waney 93/carrefour,location
waney-bijou,location
waney/carrefour,location
warehouse  with large yard of 1,location
warehouses,location
wayne 89 rue cayemite #22 carrefour moussignac,location
#5 impasse de la rivière monbin lataille,location
pèlerin 5 pétionville,location
pelerin 5 · port-aux-prince,location
collapsed hq,location
lycée français in bourdon.,location
cap-haïtien,location
sainte bernadette paup,location
18.581320° -72.230488°,location
tabarre 48 n°8,location
grand goâve,location
in la boule,location
croix de pré - rue champ de mars,location
léogâne: darbonne sugar mill,location
said jaar,entity
head injuries,entity
dynamiclub,entity
none,entity
road into léogâne,location
port-à-piment,location
the pap university,location
72°17'34 w,location
18°34'47 n,location
19.759054°,location
-72.784971°,location
18.394408°,location
-71.852375°,location
-72.229517°,location
19.634100°,location
18°23.938’ -72°38.277’,location
rue franck cardozo pétionville,location
léogane,location
hôpital sacré coeur milot,location
allée des acajous,location
pétonville,location
palais de ministères - rue monseigneur guilloux,location
place boyer‎,location
mathieu habitation,location
léogâne,location
un minustah,location
communicate,action
delmas 75 rue jasmin # 16,location
bouchereau and,entity
patrick,entity
yoleine,entity
fxe,entity
jak,entity
consider,action
fermathe on rue de kenscoff,location
ecole louis joseph,entity
pap harbor,location
usaid food,entity
rue kernisant 24,location
yves guerrier,entity
rue kernisant,entity
breathing,action
collapsing,action
pleading,action
mellier and grand savanne - léogâne,location
mellier,location
grande savanne,entity
rue armand holly,entity
debussy,entity
dufort,location
media,entity
hopital sacre coeur please,entity
spelling,action
settle,action
shifting,action
evaluating,action
establish,action
rue de kenscoff,location
ti marché,location
turbé,location
rue jasmin # 16,location
carrrefour de feuilles,location
alibe,entity
vole ap,entity
police,entity
rantre,entity
angle rue villate et magny,location
kerlie,entity
jovani,entity
saint remy,entity
darilus,entity
sabrina,entity
himmler,entity
katha,entity
claudine resilard,entity
laure,entity
fleura,entity
paul,entity
eunide,entity
nicolas,entity
louise,entity
claude,entity
pierre l.,entity
geralda,entity
wensley,entity
genevieve,entity
maurissette,entity
etienne,entity
carole,entity
boniface,entity
marceline jean,entity
manese,entity
cleopath,entity
virginie,entity
elizabeth jean,entity
natacha,entity
watson,entity
clement,entity
duckens percy,entity
lisa,entity
claudia,entity
marlene,entity
roberto,entity
pierre,entity
phigenie,entity
margarette,entity
milo,entity
duterne,entity
edouard jean,entity
maranatha,entity
edwine,entity
nicolas peterson,entity
cherline fleuricois,entity
roudy,entity
danys,entity
peter lister,entity
sra,entity
guelson,entity
widyannah,entity
baptiste,entity
montina,entity
steven,entity
ricardo,entity
adassa,entity
julien,entity
zabulon,entity
jasmine darilus,entity
eddy,entity
gedner darilus,entity
caroline monsanto,entity
roseline darilus,entity
jacky,entity
jessica jean,entity
delphin,entity
kathie,entity
philippe jean,entity
erick,entity
isabelle,entity
teyna,entity
sophia,entity
armelle,entity
chloe,entity
findia,entity
beatrice,entity
cassandra,entity
middler,entity
clairemina,entity
nico,entity
raina,entity
ludwig,entity
susie,entity
leonie,entity
sorina,entity
vivien,entity
veronique,entity
bianca,entity
sandra,entity
chris,entity
labbe,entity
madeleine manece,entity
rolson,entity
ruelle melisse souchet,location
thor 65,location
ruelle souchet,location
haiti childrens home,location
route national #2,location
dynamited,action
hanging,action
agena fabien,entity
fabien,entity
jessica,entity
cynthia,entity
charles william,entity
william,entity
hoping,action
divorced,action
excited,action
wanted,action
rue gelin 6,location
heartline ministries clinic,location
costing,action
dieumira mitilien,entity
mitilien,entity
lifelinecm,entity
impasse ridore,location
magloire ambroise,location
mellier grande savanne leogane,location
dubois,location
morin,location
taifer,entity
mont saint nicolas,location
marouj,entity
department nord,entity
depatmam,entity
delmas 16,location
desir st #88,location
saint mark/sen mak,location
saint mark,location
saint marc,entity
torbeck,location
near les cayes,location
ddp,entity
st. nicholas hospital,location
st. nicholas,entity
rue acacia,location
near church of god boula,location
rue christ-roi,location
acacia,entity
woolio,entity
tabarre 48,location
augustin jn rosilien,entity
st. matthieu,location
rue sylvie cator,location
sylvie cator street,entity
francique,entity
jean rabel,location
lycee philippe guerrier,location
lokalize,action
rue loubens,location
loubens,entity
thinking,action
silo z,location
delmas 33 z silo,location
delmas 9,location
rue du cosquer,location
hypoglycemiants,entity
somniferes,entity
milk,entity
anxiolitiques,entity
lait,entity
antibiotiques,entity
hypotenseurs,entity
sugar,entity
sardines,entity
farine,entity
oil,entity
wheat,entity
besoin de tentes,entity
flour,entity
pois,entity
peas,entity
huiles,entity
rice,entity
vitamines,entity
antigrippal,entity
sucre,entity
delmas9,entity
between delmas 40b and marcadieu st,location
#27 leonard st,location
leonard st,location
jacqueline,entity
marie jacqueline pean,entity
liancourt,location
lyankou,entity
recieved,action
krsyanvil mission,location
josef benito,entity
gresye,entity
krsyanvil,entity
anko,action
golf course,location
lubin joseph,entity
vivi,entity
edh,entity
bon repos moleya 7,location
ruelle mackendi,location
impasse celeste number 40,location
celeste,entity
rue des arbes,location
rue casseus no. 9,location
rue casseus,location
street casseus,entity
ushahidi,entity
humiliated,action
adr,entity
alo,entity
tortuga island,location
john,entity
miques,entity
fab,entity
donald,entity
rubens,entity
papi,entity
miss jeanne,entity
serviettes hygieniques,entity
vitamine,entity
toilettes mobiles,entity
klorox,entity
produits de toilette,entity
groupes electrogenes,entity
acides folliques,entity
vetements,entity
desinfectants,entity
batteries,entity
john rubens,entity
lingeries,entity
solutions vaginales,entity
sebastien,entity
ducosquer,entity
maxime,entity
antifongites,entity
diligence,action
aide,action
ebing,action
ansagal community,location
rue terre rouge,location
ebenezer church,entity
la gonave,entity
ansagal,entity
leon cherisme,entity
plase,action
recive,action
entenet,action
buy,action
sold,action
paka,action
malere,action
port-de-paix,location
north west haiti,location
medicine,entity
port-margot,location
driving,action
road to jacmel,location
basile moreau school,location
bizoton 53,location
marine haitienne,entity
basile moreau,entity
gonaïves,location
mdalila1,entity
archahaie,entity
university of kiskeya delmas 35,location
eaten,action
water and food,entity
orphanage group,entity
christian haitian outreach,entity
impasse rigal,entity
rue sicot,location
toddlers,entity
saponais,entity
villa st. louis hotel,location
osm,entity
comparing,action
advise,action
orphanages,location
santos,entity
route de carrefour,location
mahotière 79 relle panorama # 77,location
pétionville,location
corbetre usenet,entity
18.546674/-72.315938,location
alo se,entity
ulysse,entity
ulyse carlo,entity
lagem,entity
port-au-prince route delmas,location
herault,entity
saint etienne,entity
joseph herault,entity
eskout,entity
toussaint louveture,entity
david belle,entity
keith angus,entity
hospital at 2 st. gerard fell on school dessalines,location
almacaribe,entity
americares,entity
unitransfer rue lamare,location
unitransfer,entity
rue lamare,entity
lamare,entity
nazon pap,location
besoind,action
assure,action
angle rue panamericaine et rebecca,location
muncheez,entity
river frorse outside of carrefour,location
rivierre froide,entity
mother house,entity
33 bouleward harry truman. near old us embasy,location
gheskio,entity
plastic,entity
verena hackenbruck,entity
written,action
19.450000°,location
-72.683333°,location
depi,entity
delivered,action
enface salle du rayme,location
tabarre 9 papo impass ciceront 46,location
tabarre 9,location
darline exgsavier,entity
breathe,action
nouriture,action
petiteville,location
german rescue,entity
lambert petitionville pap,entity
petit goâve,location
west pap,entity
general hospital - port-au-prince,location
innocent renar,entity
lionel,entity
managed,action
intoxicated,action
dumped,action
urinated,action
commissariat,location
gerald compere,entity
helnade compere,entity
anette compere,entity
fito ogulese,entity
hude ogulese,entity
relaying,action
at a school near delmas 19,location
laine,entity
not too far from delmas 19,location
amieemccaffrey,entity
number 12 k,location
33 rue derrosier impas du crist,location
atlantic,entity
